Creation,MergeTime,id,isPr,N. of Comments,Closed,N. Labels,author, labelStatus, lastUpdateTime, milestoneTitle, Repository
1560558733,NA,27218,1,10,0,6,Dr15Jones,NNANNNNNNNNNNNNNNANNN,1560588700,CMSSW_11_0_X,cms-sw/cmssw
1560541875,NA,27217,1,8,0,6,makortel,NNNNNNNNNNNNPNNNNANNN,1560555925,CMSSW_11_0_X,cms-sw/cmssw
1560537435,NA,27216,1,16,0,7,makortel,NANNNNNNNNNNNNNPNANNN,1560692156,CMSSW_11_0_X,cms-sw/cmssw
1560531097,NA,27215,1,10,0,7,akanugan,NNNNNNPNNNNNNNNNPRNNN,1560606669,CMSSW_11_0_X,cms-sw/cmssw
1560525372,NA,27214,1,25,0,14,Dr15Jones,PPANPNPNNPANPNNANRNNN,1560711091,CMSSW_11_0_X,cms-sw/cmssw
1560524430,NA,27213,1,8,0,8,bsunanda,NNNNNNNNNNPNNNNNPAPNN,1560543304,CMSSW_11_0_X,cms-sw/cmssw
1560519225,NA,27212,1,10,0,6,gartung,NNANNNNNNNNNNNNNNANNN,1560532179,CMSSW_11_0_X,cms-sw/cmssw
1560515056,NA,27211,1,10,0,6,gartung,NNANNNNNNNNNNNNNNANNN,1560530885,CMSSW_11_0_X,cms-sw/cmssw
1560507930,NA,27210,1,2,0,7,zhenhu,NNNNNNNNNNNNNNPNNPPNN,1560508338,CMSSW_11_0_X,cms-sw/cmssw
1560433322,NA,27204,1,10,0,6,civanch,NNNNNNNNNNNNNNNNAANNN,1560446185,CMSSW_11_0_X,cms-sw/cmssw
1560427294,NA,27202,1,8,0,5,andrius-k,NNNNNNANNNNNNNNNNANNN,1560502061,CMSSW_10_6_X,cms-sw/cmssw
1560423963,NA,27199,1,14,0,12,fabiocos,NANNNNANANPNNNNAPAANN,1560692215,CMSSW_11_0_X,cms-sw/cmssw
1560364948,NA,27195,1,23,0,6,makortel,NNNNNNNNNNNNNNNNAANNN,1560606150,CMSSW_11_0_X,cms-sw/cmssw
1560360439,NA,27194,1,10,0,8,makortel,NNNNNNNNNNNPNNNANAANN,1560496862,CMSSW_11_0_X,cms-sw/cmssw
1560357355,NA,27193,1,10,0,6,makortel,NANNNNNNNNNNNNNNNANNN,1560692650,CMSSW_11_0_X,cms-sw/cmssw
1560354859,NA,27192,1,8,0,6,makortel,NNNNNNNNPNNNNNNNNANNN,1560372549,CMSSW_11_0_X,cms-sw/cmssw
1560349159,NA,27191,1,46,0,9,Dr15Jones,NPANNNNNNNNNNPNPNANNN,1560457046,CMSSW_11_0_X,cms-sw/cmssw
1560344501,NA,27188,1,10,0,6,makortel,NNANNNNNNNNNNNNNNANNN,1560359160,CMSSW_11_0_X,cms-sw/cmssw
1560343564,NA,27187,1,9,0,7,makortel,NNNNNNNNNNNNPNNNNAANN,1560455824,CMSSW_11_0_X,cms-sw/cmssw
1560342397,NA,27186,1,15,0,6,makortel,NNNNNNNNNNANNNNNNANNN,1560432449,CMSSW_11_0_X,cms-sw/cmssw
1560341690,NA,27185,1,10,0,6,makortel,ANNNNNNNNNNNNNNNNANNN,1560743471,CMSSW_11_0_X,cms-sw/cmssw
1560339711,NA,27184,1,8,0,7,knash,NPNNNNNNNNNNNNNPNRNNN,1560360156,CMSSW_11_0_X,cms-sw/cmssw
1560332511,NA,27183,1,34,0,6,mmusich,NNNNNNNNNNNNNNNPNANNN,1560673778,CMSSW_11_0_X,cms-sw/cmssw
1560332123,NA,27182,1,22,0,6,Sam-Harper,NNNNNNNNNNNNNNNANANNN,1560496308,CMSSW_11_0_X,cms-sw/cmssw
1560284474,NA,27179,1,3,0,6,bi-ran,NNPNNNNNNNNNNNNNNPNNN,1560284911,CMSSW_11_0_X,cms-sw/cmssw
1560264080,NA,27175,1,46,0,7,nancymarinelli,NNNNNNNNNNNNNNNPNANNN,1560499136,CMSSW_11_0_X,cms-sw/cmssw
1560263100,NA,27174,1,12,0,6,perrotta,NNNNNNNNNNNNNNNANANNN,1560491935,CMSSW_11_0_X,cms-sw/cmssw
1560235012,NA,27172,1,14,0,6,cmsbuild,NNNNNNNNNNNNNNNPNANNN,1560489513,CMSSW_11_0_X,cms-sw/cmssw
1560233674,NA,27160,1,15,0,8,rovere,NNNNNNNNNNNNNNNPNAPNN,1560346510,CMSSW_11_0_X,cms-sw/cmssw
1560196480,NA,27159,1,39,0,6,guitargeek,NNNNNNNNNNNNNNNANANNN,1560426839,CMSSW_11_0_X,cms-sw/cmssw
1560148391,NA,27154,1,28,0,6,guitargeek,NNNNNNNNNNNNNNNANANNN,1560542391,CMSSW_11_0_X,cms-sw/cmssw
1559930571,NA,27152,1,9,0,6,DryRun,NNNNNNANNNNNNNNNNANNN,1560407474,CMSSW_10_6_X,cms-sw/cmssw
1559920153,NA,27149,1,18,0,6,DryRun,NNNNNNANNNNNNNNNNANNN,1560727073,CMSSW_11_0_X,cms-sw/cmssw
1559905878,NA,27148,1,29,0,6,mbluj,NNNNNNNNNNNNNNNAAANNN,1560490172,CMSSW_10_2_X,cms-sw/cmssw
1559850493,NA,27131,1,22,0,6,hatakeyamak,NNNNNNNNNNNNNNNANANNN,1560543898,CMSSW_11_0_X,cms-sw/cmssw
1559837594,NA,27129,1,44,0,7,bsunanda,NNNNNNNNNNNNNNNANAPNN,1560749306,CMSSW_11_0_X,cms-sw/cmssw
1559827666,NA,27128,1,59,0,7,clelange,NNNNNNNNNNNNNNNPNAANN,1560523485,CMSSW_11_0_X,cms-sw/cmssw
1559695094,NA,27099,1,7,0,6,makortel,PNNNNNNNNNNNNNNNNRNNN,1559741398,CMSSW_11_0_X,cms-sw/cmssw
1559695015,NA,27098,1,34,0,8,makortel,PNNNNNNNNNNNNNNPNPNNN,1560182505,CMSSW_11_0_X,cms-sw/cmssw
1559659984,NA,27096,1,8,0,5,knash,NANNNNNNNNNNNNNNNANNN,1560188227,CMSSW_9_4_X,cms-sw/cmssw
1559656529,NA,27094,1,8,0,5,knash,NANNNNNNNNNNNNNNNANNN,1560188253,CMSSW_10_2_X,cms-sw/cmssw
1559385387,NA,27049,1,14,0,7,guitargeek,NNNNNNNNNNNNNNNPNAANN,1560522238,CMSSW_11_0_X,cms-sw/cmssw
1559332946,NA,27048,1,58,0,6,hatakeyamak,NNNNNNANNNNNNNNNNANNN,1560339018,CMSSW_11_0_X,cms-sw/cmssw
1559324477,NA,27043,1,33,0,7,makortel,PNNNNNNNNNNNNNNNNANNN,1560272368,CMSSW_11_0_X,cms-sw/cmssw
1559283875,NA,27025,1,20,0,9,smuzaffar,NNPNNNNNNNPNNNNNNAPNN,1559318191,CMSSW_11_0_X,cms-sw/cmssw
1559042616,NA,26967,1,28,0,7,maseguracern,NNNNNNNNNNNNPNNNNRNNN,1560280343,CMSSW_11_0_X,cms-sw/cmssw
1558616096,NA,26904,1,9,0,5,janekbechtel,NNNNNNNNNANNNNNNNANNN,1559285256,CMSSW_9_3_X,cms-sw/cmssw
1558507214,NA,26880,1,11,0,5,intrepid42,NNNNNNNNNANNNNNNNANNN,1559049534,CMSSW_9_4_X,cms-sw/cmssw
1558495310,NA,26875,1,86,0,7,chayanit,NNNNNNNNNNNNNNANNAPNN,1560726749,CMSSW_11_0_X,cms-sw/cmssw
1558008285,NA,26806,1,8,0,6,battibass,NNNNNNNNNNNNPNNNNANNN,1559227814,CMSSW_11_0_X,cms-sw/cmssw
1557752324,NA,26767,1,48,0,8,errai-,NANNNNNNNNNNNNNANANNP,1560464434,CMSSW_11_0_X,cms-sw/cmssw
1556741247,NA,26592,1,88,0,9,wddgit,PPPNPNNNNNNNNNNNNRNNN,1560429634,CMSSW_11_0_X,cms-sw/cmssw
1556199989,NA,26536,1,10,0,6,Moanwar,NNNNNNNNNNNNNNPNNPNNN,1559138063,CMSSW_11_0_X,cms-sw/cmssw
1555480726,NA,26476,1,29,0,7,kfjack,NNNNNNNNNNNNNNPNNRPNN,1558546365,CMSSW_11_0_X,cms-sw/cmssw
1555070856,NA,26446,1,25,0,7,drkovalskyi,NPNNNNNNNNNNNNNPNANNN,1557848266,CMSSW_11_0_X,cms-sw/cmssw
1554992169,NA,26441,1,10,0,7,DryRun,NNNNNNNNNNNNNNNAAANNN,1555239587,CMSSW_10_5_X,cms-sw/cmssw
1554932414,NA,26431,1,11,0,6,arossi83,ANNNNNANNNNNNNNNNANNN,1555086629,CMSSW_10_5_X,cms-sw/cmssw
1554880812,NA,26419,1,16,0,5,Moanwar,NNNNNNNNNNNNNNPNNPNNN,1559049190,CMSSW_10_5_X,cms-sw/cmssw
1554847532,NA,26416,1,11,0,5,tocheng,ANNNNNNNNNNNNNNNNANNN,1555086512,CMSSW_10_5_X,cms-sw/cmssw
1554803024,NA,26402,1,28,0,16,fwyzard,PNPNPNPNPNPNNPPPPPPNN,1560159811,CMSSW_10_6_X,cms-sw/cmssw
1554639923,NA,26379,1,4,0,6,Moanwar,NNRNNNNNNNNNNNNNNPNNN,1557848257,CMSSW_11_0_X,cms-sw/cmssw
1554205366,NA,26326,1,8,0,5,arossi83,NNNNNNANNNNNNNNNNANNN,1554292760,CMSSW_10_5_X,cms-sw/cmssw
1551913885,NA,26094,1,11,0,5,lowette,NNNNNNNNNNNNNNNNAANNN,1560259189,CMSSW_7_1_X,cms-sw/cmssw
1551470066,NA,26043,1,15,0,7,tsusa,NNNNNNNNNNNNNNNNAANNN,1552153814,CMSSW_10_5_X,cms-sw/cmssw
1550844713,NA,26000,1,11,0,6,Martin-Grunewald,NNNNNNNNNNNANNNNNANNN,1551172318,CMSSW_10_5_X,cms-sw/cmssw
1550753515,NA,25994,1,39,0,7,dan131riley,NNPNNNNNNNNNNNNNNANNN,1560256195,CMSSW_11_0_X,cms-sw/cmssw
1550596114,NA,25978,1,14,0,8,jingyucms,NNNNNNNNNNNNNNNANAANN,1551127025,CMSSW_10_4_X,cms-sw/cmssw
1549971183,NA,25912,1,27,0,7,fwyzard,NNNNNNNNNNNNNNNNNRNNN,1557848242,CMSSW_11_0_X,cms-sw/cmssw
1549627463,NA,25891,1,7,0,6,gudrutis,NNPNNNNNNNNNNNNNNRNNN,1557848240,CMSSW_11_0_X,cms-sw/cmssw
1549613953,NA,25889,1,89,0,10,mrodozov,NPNNNNPNNNNNNNNPNRNNN,1560275631,CMSSW_11_0_X,cms-sw/cmssw
1548873842,NA,25804,1,6,0,6,ssekmen,NNNNNNNNPNNNNNNNNANNN,1548884629,CMSSW_9_4_X,cms-sw/cmssw
1548746324,NA,25780,1,12,0,7,ssekmen,NNNNNNNNPNNNNNNNNANNN,1554991479,CMSSW_10_2_X,cms-sw/cmssw
1547566638,NA,25672,1,22,0,6,gudrutis,ANNNNNNNNNNNNNNNNANNN,1559089042,CMSSW_11_0_X,cms-sw/cmssw
1547017892,NA,25606,1,15,0,8,ssekmen,NNNNNNNNANNNNNNANANNN,1550838263,CMSSW_9_4_X,cms-sw/cmssw
1547012600,NA,25605,1,13,0,8,ssekmen,NNNNNNNNANNNNNNANANNN,1554991445,CMSSW_10_2_X,cms-sw/cmssw
1545469672,NA,25566,1,25,0,6,smuzaffar,NNNNNNNNNNANNNNNNANNN,1557848235,CMSSW_11_0_X,cms-sw/cmssw
1542224424,NA,25239,1,54,0,6,gartung,NNNNNNNNNPNNNNNNNANNN,1559711298,CMSSW_11_0_X,cms-sw/cmssw
1535178144,NA,24389,1,38,0,6,fwyzard,NNNNNNNNNNNNNNNNNANNN,1557848231,CMSSW_11_0_X,cms-sw/cmssw
1532604921,NA,24083,1,20,0,8,Dr15Jones,NANNNNNNNNNNNNNANANNN,1560358025,CMSSW_9_4_X,cms-sw/cmssw
1526474805,NA,23219,1,75,0,10,nancymarinelli,NNNNNNNNNNNNPNNRPAPNN,1558347544,CMSSW_11_0_X,cms-sw/cmssw
1511887771,NA,21478,1,52,0,8,fwyzard,NNRNNNNNNNNNNNNNNSNNN,1558606320,CMSSW_11_0_X,cms-sw/cmssw
1427149326,NA,8484,1,7,0,5,dimattia,NNNNANNNNNNNNNNNNANNN,1448278608,Next CMSSW_7_2_X,cms-sw/cmssw
